id,name,flag
1,Afeganistão,🇦🇫
2,Ilhas Aland,🇦🇽
3,Albânia,🇦🇱
4,Argélia,🇩🇿
5,Samoa Americana,🇦🇸
6,Andorra,🇦🇩
7,Angola,🇦🇴
8,Anguila,🇦🇮
9,Antártica,🇦🇶
10,Antígua e Barbuda,🇦🇬
11,Argentina,🇦🇷
12,Armênia,🇦🇲
13,Aruba,🇦🇼
14,Austrália,🇦🇺
15,Áustria,🇦🇹
16,Azerbaijão,🇦🇿
18,Bahrein,🇧🇭
19,Bangladesh,🇧🇩
20,Barbados,🇧🇧
21,Bielorrússia,🇧🇾
22,Bélgica,🇧🇪
23,Belize,🇧🇿
24,Benin,🇧🇯
25,Bermudas,🇧🇲
26,Butão,🇧🇹
27,Bolívia,🇧🇴
155,"Bonaire, Santo Eustáquio e Saba",🇧🇶
28,Bósnia e Herzegovina,🇧🇦
29,Botsuana,🇧🇼
30,Ilha Bouvet,🇧🇻
31,Brasil,🇧🇷
32,Território Britânico do Oceano Índico,🇮🇴
33,Brunei,🇧🇳
34,Bulgária,🇧🇬
35,Burquina Faso,🇧🇫
36,Burundi,🇧🇮
37,Camboja,🇰🇭
38,Camarões,🇨🇲
39,Canadá,🇨🇦
40,Cabo Verde,🇨🇻
41,Ilhas Cayman,🇰🇾
42,República Centro-Africana,🇨🇫
43,Chade,🇹🇩
44,Chile,🇨🇱
45,China,🇨🇳
46,Ilha Christmas,🇨🇽
47,Ilhas Cocos (Keeling),🇨🇨
48,Colômbia,🇨🇴
49,Comores,🇰🇲
50,Congo,🇨🇬
52,Ilhas Cook,🇨🇰
53,Costa Rica,🇨🇷
54,Costa do Marfim,🇨🇮
55,Croácia,🇭🇷
56,Cuba,🇨🇺
249,Curaçao,🇨🇼
57,Chipre,🇨🇾
58,República Tcheca,🇨🇿
51,República Democrática do Congo,🇨🇩
59,Dinamarca,🇩🇰
60,Djibuti,🇩🇯
61,Dominica,🇩🇲
62,República Dominicana,🇩🇴
63,Timor-Leste,🇹🇱
64,Equador,🇪🇨
65,Egito,🇪🇬
66,El Salvador,🇸🇻
67,Guiné Equatorial,🇬🇶
68,Eritreia,🇪🇷
69,Estônia,🇪🇪
70,Etiópia,🇪🇹
71,Ilhas Malvinas,🇫🇰
72,Ilhas Faroé,🇫🇴
73,Fiji,🇫🇯
74,Finlândia,🇫🇮
75,França,🇫🇷
76,Guiana Francesa,🇬🇫
77,Polinésia Francesa,🇵🇫
78,Territórios Franceses do Sul,🇹🇫
79,Gabão,🇬🇦
80,Gâmbia,🇬🇲
81,Geórgia,🇬🇪
82,Alemanha,🇩🇪
83,Gana,🇬🇭
84,Gibraltar,🇬🇮
85,Grécia,🇬🇷
86,Gronelândia,🇬🇱
87,Granada,🇬🇩
88,Guadalupe,🇬🇵
89,Guam,🇬🇺
90,Guatemala,🇬🇹
91,Guernsey e Alderney,🇬🇬
92,Guiné,🇬🇳
93,Guiné-Bissau,🇬🇼
94,Guiana,🇬🇾
95,Haiti,🇭🇹
96,Ilha Heard e Ilhas McDonald,🇭🇲
97,Honduras,🇭🇳
98,Hong Kong,🇭🇰
99,Hungria,🇭🇺
100,Islândia,🇮🇸
101,Índia,🇮🇳
102,Indonésia,🇮🇩
103,Irã,🇮🇷
104,Iraque,🇮🇶
105,Irlanda,🇮🇪
106,Israel,🇮🇱
107,Itália,🇮🇹
108,Jamaica,🇯🇲
109,Japan,🇯🇵
110,Jersey,🇯🇪
111,Jordânia,🇯🇴
112,Cazaquistão,🇰🇿
113,Quênia,🇰🇪
114,Kiribati,🇰🇮
248,Kosovo,🇽🇰
117,Kuwait,🇰🇼
118,Quirguistão,🇰🇬
119,Laos,🇱🇦
120,Letônia,🇱🇻
121,Líbano,🇱🇧
122,Lesoto,🇱🇸
123,Libéria,🇱🇷
124,Líbia,🇱🇾
125,Liechtenstein,🇱🇮
126,Lituânia,🇱🇹
127,Luxemburgo,🇱🇺
128,Macau,🇲🇴
130,Madagáscar,🇲🇬
131,Malawi,🇲🇼
132,Malásia,🇲🇾
133,Maldivas,🇲🇻
134,Mali,🇲🇱
135,Malta,🇲🇹
136,Ilha de Man,🇮🇲
137,Ilhas Marshall,🇲🇭
138,Martinica,🇲🇶
139,Mauritânia,🇲🇷
140,Maurício,🇲🇺
141,Mayotte,🇾🇹
142,México,🇲🇽
143,Micronésia,🇫🇲
144,Moldávia,🇲🇩
145,Mônaco,🇲🇨
146,Mongólia,🇲🇳
147,Montenegro,🇲🇪
148,Montserrat,🇲🇸
149,Marrocos,🇲🇦
150,Moçambique,🇲🇿
151,Mianmar,🇲🇲
152,Namíbia,🇳🇦
153,Nauru,🇳🇷
154,Nepal,🇳🇵
156,Países Baixos,🇳🇱
157,Nova Caledônia,🇳🇨
158,Nova Zelândia,🇳🇿
159,Nicarágua,🇳🇮
160,Níger,🇳🇪
161,Nigéria,🇳🇬
162,Niue,🇳🇺
163,Ilha Norfolk,🇳🇫
115,Coreia do Norte,🇰🇵
129,Macedônia do Norte,🇲🇰
164,Ilhas Marianas do Norte,🇲🇵
165,Noruega,🇳🇴
166,Omã,🇴🇲
167,Paquistão,🇵🇰
168,Palau,🇵🇼
169,Palestina,🇵🇸
170,Panamá,🇵🇦
171,Papua-Nova Guiné,🇵🇬
172,Paraguai,🇵🇾
173,Peru,🇵🇪
174,Filipinas,🇵🇭
175,Ilhas Pitcairn,🇵🇳
176,Polônia,🇵🇱
177,Portugal,🇵🇹
178,Porto Rico,🇵🇷
179,Catar,🇶🇦
180,Reunião,🇷🇪
181,Romênia,🇷🇴
182,Rússia,🇷🇺
183,Ruanda,🇷🇼
184,Santa Helena,🇸🇭
185,São Cristóvão e Nevis,🇰🇳
186,Santa Lúcia,🇱🇨
187,São Pedro e Miquelon,🇵🇲
188,São Vicente e Granadinas,🇻🇨
189,São Bartolomeu,🇧🇱
190,São Martinho,🇲🇫
191,Samoa,🇼🇸
192,San Marino,🇸🇲
193,São Tomé e Príncipe,🇸🇹
194,Arábia Saudita,🇸🇦
195,Senegal,🇸🇳
196,Sérvia,🇷🇸
197,Seychelles,🇸🇨
198,Serra Leoa,🇸🇱
199,Singapura,🇸🇬
250,Sint Maarten,🇸🇽
200,Eslováquia,🇸🇰
201,Eslovênia,🇸🇮
202,Ilhas Salomão,🇸🇧
203,Somália,🇸🇴
204,África do Sul,🇿🇦
205,Geórgia do Sul,🇬🇸
116,Coreia do Sul,🇰🇷
206,Sudão do Sul,🇸🇸
207,Espanha,🇪🇸
208,Sri Lanka,🇱🇰
209,Sudão,🇸🇩
210,Suriname,🇸🇷
211,Svalbard e Jan Mayen,🇸🇯
212,Essuatíni,🇸🇿
213,Suécia,🇸🇪
214,Suíça,🇨🇭
215,Síria,🇸🇾
216,Taiwan,🇹🇼
217,Tajiquistão,🇹🇯
218,Tanzânia,🇹🇿
219,Tailândia,🇹🇭
17,Bahamas,🇧🇸
220,Togo,🇹🇬
221,Tokelau,🇹🇰
222,Tonga,🇹🇴
223,Trinidad e Tobago,🇹🇹
224,Tunísia,🇹🇳
225,Turquia,🇹🇷
226,Turcomenistão,🇹🇲
227,Ilhas Turks e Caicos,🇹🇨
228,Tuvalu,🇹🇻
229,Uganda,🇺🇬
230,Ucrânia,🇺🇦
231,Emirados Árabes Unidos,🇦🇪
232,Reino Unido,🇬🇧
233,Estados Unidos,🇺🇸
234,Ilhas Menores Distantes dos EUA,🇺🇲
235,Uruguai,🇺🇾
236,Uzbequistão,🇺🇿
237,Vanuatu,🇻🇺
238,Cidade do Vaticano,🇻🇦
239,Venezuela,🇻🇪
240,Vietnã,🇻🇳
241,Ilhas Virgens Britânicas,🇻🇬
242,Ilhas Virgens dos EUA,🇻🇮
243,Wallis e Futuna,🇼🇫
244,Saara Ocidental,🇪🇭
245,Iêmen,🇾🇪
246,Zâmbia,🇿🇲
247,Zimbábue,🇿🇼